metric,base,fine-tuned,Δ,95% CI of Δ (paired bootstrap)
ROUGE-L (F),0.6326198481362062,0.7776023985106084,0.1449825503744023,"[+0.094, +0.195]"
BERTScore F1,0.9046786526838938,0.9665539413690567,0.061875288685162864,"[+0.054, +0.069]"
JSON parse rate,0.7916666666666666,1.0,0.20833333333333334,"[+0.083, +0.375]"
Schema-valid rate,0.75,1.0,0.25,"[+0.083, +0.417]"
clause_type accuracy,0.625,0.9166666666666666,0.2916666666666667,"[+0.125, +0.458]"
risk_flag accuracy,0.4583333333333333,0.625,0.16666666666666666,"[-0.042, +0.375]"
party exact match,0.125,0.9583333333333334,0.8333333333333334,"[+0.667, +0.958]"
trigger null/non-null agreement,0.5,0.7083333333333334,0.20833333333333334,"[+0.083, +0.375]"
party grounded in clause,0.75,1.0,0.25,"[+0.083, +0.417]"
obligation-field ROUGE-L,0.3560185149296254,0.7206066103920644,0.3645880954624389,"[+0.259, +0.473]"
